Date,Close,target,5sma,25Sma,50Sma,val1,val2,val3,val4,val5
2/28/2022,436.630005,-4.459992,,,,,,,,
3/1/2022,429.980011,-10.550018,,,,,,,,
3/2/2022,437.890015,-21.640015,,,,,,,,
3/3/2022,435.709991,-8.299987,,,,,,,,
3/4/2022,432.170013,-6.690002,434.476007,,,,,,,
3/7/2022,419.429993,0.640014,431.0360046,,,,,,,
3/8/2022,416.25,0.75,428.2900024,,,,,,,
3/9/2022,427.410004,-1.239991,426.1940002,,,,,7.3767325,,
3/10/2022,425.480011,10.139984,424.1480042,,,,,6.704333662,,
3/11/2022,420.070007,21,421.728003,,,,,8.069296576,,
3/14/2022,417,27.519989,421.2420044,,,,,9.145174944,,
3/15/2022,426.170013,18.220002,423.226007,,,,,4.245900622,,
3/16/2022,435.619995,13.970001,424.8680052,,,,,6.072336673,,
3/17/2022,441.070007,2.729981,427.9860044,,,,,9.361037115,,
3/18/2022,444.519989,5.970001,432.8760008,,,,,12.51518864,,
3/21/2022,444.390015,8.299987,438.3540038,,,,,11.07241713,,
3/22/2022,449.589996,6.320008,443.0380004,,,,,6.662485329,,
3/23/2022,443.799988,17.75,444.673999,,,,,9.226133708,,
3/24/2022,450.48999,8.210022,446.5579956,,,,,9.894291221,,
3/25/2022,452.690002,-1.049987,448.1919982,,,,,6.228607873,,
3/28/2022,455.910004,-2.989991,450.495996,,,,,4.152662688,,
3/29/2022,461.549988,-4.75,452.8879944,,,,,5.692975746,,
3/30/2022,458.700012,-7.670013,455.8679992,,,,,4.836303427,,
3/31/2022,451.640015,-5.120026,456.0980042,,,,,6.705912781,,
4/1/2022,452.920013,-4.150024,456.1440064,438.6832031,,17.46080332,,8.260627607,,
4/4/2022,456.799988,-9.229981,456.3220032,439.4900024,,16.8320008,,9.435437164,,
4/5/2022,451.029999,-11.109986,454.2180054,440.3320019,,13.88600348,,6.025491304,,
4/6/2022,446.519989,-8.22998,451.7820008,440.6772009,,11.10479992,,2.475346329,,
4/7/2022,448.769989,-5.459991,451.2079956,441.1996008,,10.0083948,,1.728293808,,3.325102509
4/8/2022,447.570007,-9.779998,450.1379944,441.8156006,,8.32239384,,2.168622254,,3.361293807
4/11/2022,439.920013,-1.950012,446.7619994,442.6352014,,4.12679804,,2.869262783,,3.616918489
4/12/2022,438.290009,6.75,444.2140014,443.5168017,,0.69719968,,2.890553573,,4.34509741
4/13/2022,443.309998,1.399993,443.5720032,444.1528015,,-0.58079828,,2.821755227,,4.619715744
4/14/2022,437.790009,0.269989,441.3760072,444.6452014,,-3.2691942,,2.118647748,,4.486622863
4/18/2022,437.970001,-11.929992,439.456006,445.3612012,,-5.90519516,,3.658519896,,3.825882574
4/19/2022,445.040009,-16.529999,440.4800052,446.4828015,,-6.00279632,,6.573504432,,3.043455834
4/20/2022,444.709991,-28.609985,441.7640016,447.2244006,,-5.46039904,,6.333256289,,2.329262391
4/21/2022,438.059998,-20.790009,440.7140016,447.3220008,,-6.60799916,,6.017786658,,1.285473321
4/22/2022,426.040009,1.769989,438.3640016,446.7208008,,-8.35679924,,6.851282039,,1.13309052
4/25/2022,428.51001,-16.51001,436.4720034,446.0804017,,-9.60839828,,9.783155912,,1.728313848
4/26/2022,416.100006,-1.619995,430.6840028,444.9488013,,-14.26479852,,12.47294898,,3.415184914
4/27/2022,417.269989,-0.889984,425.1960024,443.656001,,-18.45999864,,10.75119401,,4.833918466
4/28/2022,427.809998,1.25,423.1460024,443.0164014,,-19.87039904,,11.30836698,,5.135473768
4/29/2022,412,1.809998,420.3380006,441.4768018,,-21.13880124,,11.15996911,,4.718793149
5/2/2022,414.480011,-3.140015,417.5320008,439.9484022,,-22.4164014,,12.88620976,,3.140577765
5/3/2022,416.380005,-18.209992,417.5880006,438.3672022,,-20.77920164,,10.27065923,,1.475735908
5/4/2022,429.059998,-29.970002,419.9460024,437.0676026,,-17.12160024,,7.574500752,,1.980727864
5/5/2022,413.809998,-21.059998,417.1460024,435.2720021,,-18.12599968,,7.581081976,,2.208231049
5/6/2022,411.339996,-19,417.0140016,433.6600013,,-16.64599972,,2.047750377,,2.483412225
5/9/2022,398.170013,3.549988,413.752002,431.4700013,435.0766022,-17.71799932,-3.60660088,8.269216118,,1.611964635
5/10/2022,399.089996,1,410.2940002,429.1616016,434.325802,-18.86760144,-5.16420038,13.95257488,,0.864648653
5/11/2022,392.75,15.570007,403.0320006,426.8304017,433.5812018,-23.79840108,-6.75080012,13.13810201,,2.783255048
5/12/2022,392.339996,-0.480011,398.7380002,424.663202,432.6702014,-25.92520176,-8.00699946,9.671180158,,4.047480476
5/13/2022,401.720001,-12.26001,396.8140012,422.7812024,431.9904016,-25.96720124,-9.20919918,12.37387776,2.225899683,3.920815851
5/16/2022,400.089996,-10.459991,397.1979978,420.882002,431.3488013,-23.6840042,-10.46679928,14.65264956,2.068649868,2.891386703
5/17/2022,408.320007,-11.399994,399.044,419.6180018,431.1266016,-20.57400176,-11.5085998,15.66070165,1.894443508,2.20531845
5/18/2022,391.859985,2.03003,398.865997,417.7608008,430.6388013,-18.8948038,-12.87800046,12.42151387,1.905087356,3.184597492
5/19/2022,389.459991,7.910004,398.289996,415.6068005,429.879801,-17.31680452,-14.27300048,9.945765246,1.985202622,3.52290127
5/20/2022,389.630005,15.679993,395.8719968,413.6804004,429.1628009,-17.80840356,-15.48240052,11.11961546,2.025370305,2.575481122
5/23/2022,396.920013,18.339997,395.2380002,412.0384008,428.699801,-16.80040064,-16.66140016,11.8311715,2.042789669,1.498314432
5/24/2022,393.890015,19.039978,392.3520018,409.9924011,428.2376013,-17.64039928,-18.24520022,6.742957162,2.077581148,0.774382066
5/25/2022,397.369995,12.220001,393.4540038,408.0988012,427.6616009,-14.64479744,-19.5627997,9.211870093,2.112614709,1.287074789
5/26/2022,405.309998,12.080017,396.6240052,406.7888012,427.055401,-10.16479604,-20.26659976,11.71638871,1.984978429,3.192096434
5/27/2022,415.26001,-4.720001,401.7500062,406.3576013,426.5392011,-4.60759508,-20.18159978,11.90415482,1.529265383,5.405823547
5/31/2022,412.929993,-1.139984,404.9520022,405.7344006,425.9074011,-0.7823984,-20.17300054,7.376102754,0.853077801,6.947770872
6/1/2022,409.589996,6.149994,408.0919984,405.4740002,425.2114008,2.6179982,-19.73740056,4.617374548,0.31338877,6.970300516
6/2/2022,417.390015,-6.170014,412.0960024,405.4788012,424.5674011,6.61720116,-19.0885999,3.281774713,0.493070547,6.477248259
6/3/2022,410.540009,-9.100007,413.1420046,404.7880017,423.9022016,8.35400292,-19.11419988,9.585428512,0.539818759,5.303502879
6/6/2022,411.790009,-21.990021,412.4480044,404.779602,423.1282019,7.66840236,-18.3485999,10.0050453,0.695976148,3.874275044
6/7/2022,415.73999,-40.73999,413.0100038,404.8300012,422.3892017,8.1800026,-17.5592005,7.676616259,0.836578743,2.373433813
6/8/2022,411.220001,-37.350006,413.3360048,404.623601,421.4954016,8.71240376,-16.8718006,7.708895071,0.977513278,0.812946084
6/9/2022,401.440002,-22.23999,410.1460022,403.5188012,420.2932019,6.627201,-16.77440072,5.860875519,0.997178212,0.808984197
6/10/2022,389.799988,-23.149994,405.997998,402.5584008,418.9152014,3.4395972,-16.35680064,10.43490897,0.782072605,2.095185335
6/13/2022,375,-9.140015,398.6399962,401.104801,417.3824011,-2.46480476,-16.27760018,17.81518905,0.51146619,4.600249504
6/14/2022,373.869995,1.200012,390.2659972,400.1328002,415.8014008,-9.86680304,-15.66860054,15.79623138,0.478029471,7.529464986
6/15/2022,379.200012,-4.809997,383.8619994,399.3372009,414.2494013,-15.47520148,-14.91220038,12.85995746,0.724081664,9.161331084
6/16/2022,366.649994,11.410004,376.9039978,398.2932006,412.5618012,-21.38920284,-14.26860052,9.172866185,0.898470383,9.918541366
6/17/2022,365.859985,24.220002,372.1159972,397.2340002,410.9486011,-25.118003,-13.71460088,12.75966663,1.033099199,9.038921808
6/21/2022,375.070007,13.519989,372.1299986,396.1680004,409.4746014,-24.03800184,-13.306601,14.71368413,0.942192524,6.407062035
6/22/2022,374.390015,6.259979,372.2340026,395.1400012,408.0110016,-22.9059986,-12.8710004,10.75411321,0.801449637,3.788527963
6/23/2022,378.059998,2.279998,372.0059998,393.9296008,406.7738013,-21.92360104,-12.84420046,12.78939468,0.602269178,1.524584115
6/24/2022,390.079987,-12.829987,376.6919984,393.8584009,405.8096009,-17.16640252,-11.95119994,13.418399,0.656893472,3.074097634
6/27/2022,388.589996,-7.350006,381.2380006,393.8236011,404.7152008,-12.58560052,-10.8915997,11.2847728,0.963600956,4.771583167
6/28/2022,380.649994,1.309997,382.353998,393.4644007,403.5724005,-11.11040268,-10.10799984,10.60470019,1.21716909,5.320452555
6/29/2022,380.339996,2.910004,383.5439942,392.8012,402.4198004,-9.2572058,-9.61860042,8.341851485,1.321677279,5.11905778
6/30/2022,377.25,11.73999,383.3819946,392.1355994,401.0640002,-8.7536048,-8.92840084,13.73510692,1.168214897,3.377650807
7/1/2022,381.23999,7.430023,381.6139952,391.4903992,399.7946002,-9.876404,-8.30420102,10.54869809,1.006519747,1.544144474
7/5/2022,381.959991,2.27002,380.2879942,390.5563989,398.6726001,-10.26840472,-8.11620116,7.800498641,0.848462734,0.910742918
7/6/2022,383.25,-2.420013,380.8079954,389.2759985,397.8167999,-8.46800312,-8.54080138,7.01044424,0.595567446,0.75159674
7/7/2022,388.98999,-10.160003,382.5379942,388.3183984,397.0263995,-5.7804042,-8.7080011,9.527342912,0.321010091,1.760653877
7/8/2022,388.670013,-10.760009,384.8219968,387.4815991,396.4777996,-2.65960228,-8.99620056,7.172569959,0.343260549,3.18570464
7/11/2022,384.230011,0.899994,385.420001,386.1551989,395.8170001,-0.73519792,-9.66180116,4.378422782,0.575395218,3.948501797
7/12/2022,380.829987,1.120025,385.1940002,384.966798,394.8773999,0.22720216,-9.91060182,5.392703252,0.597847618,3.60978954
7/13/2022,378.829987,13.440002,384.3099976,383.6483972,394.2139996,0.66160044,-10.56560244,8.537677398,0.73958384,2.635503652
7/14/2022,377.910004,16.859985,382.0940004,382.1351977,393.4825995,-0.04119732,-11.34740174,7.874140086,0.897077502,1.304549066
7/15/2022,385.130005,13.660004,381.3859988,381.0915979,392.8575995,0.29440092,-11.76600158,6.112630956,0.903077776,0.52084606
7/18/2022,381.950012,13.139984,380.929999,380.3119983,391.9153997,0.61800072,-11.60340146,5.831291272,0.780957561,0.291592654
7/19/2022,392.269989,3.300018,383.2179994,380.4107983,391.4845996,2.80720108,-11.07380124,9.946598077,0.473768746,1.120408064
7/20/2022,394.769989,-3.879974,386.4059998,381.2015979,391.1531994,5.20440192,-9.95160154,11.06535463,0.718670866,2.216732848
7/21/2022,398.790009,2.25,390.5820008,382.1983984,391.1655993,8.38360236,-8.9672009,7.594745528,1.188602696,3.384114011
7/22/2022,395.089996,10.980011,392.573999,382.8339978,391.0855993,9.7400012,-8.25160154,6.072240377,1.400465473,3.786611087
7/25/2022,395.570007,16.419983,395.297998,383.9907983,391.1419995,11.30719968,-7.15120116,5.133369378,1.512792205,3.44907947
7/26/2022,390.890015,19.879974,395.0220032,384.9919995,391.1129999,10.03000368,-6.12100034,8.635402815,1.501619855,2.328936105
7/27/2022,401.040009,7.019989,396.2760072,386.0307996,391.0994,10.2452076,-5.06860042,7.55236985,1.573178385,1.052717104
7/28/2022,406.070007,8.380005,397.7320068,387.2979993,391.2190002,10.43400752,-3.92100096,6.913780004,1.699017367,0.593455533
7/29/2022,411.98999,2.180023,401.1120056,388.655199,391.2923999,12.45680664,-2.63720094,7.939928817,1.777219211,0.999013362
8/1/2022,410.769989,2.700012,404.152002,389.482799,391.6706,14.66920296,-2.18780094,9.858019037,1.642197269,1.988000493
8/2/2022,408.059998,4.929992,407.5859986,390.2615991,392.0426001,17.32439948,-1.781001,7.073773175,1.354035691,2.997981258
8/3/2022,414.450012,-3.100006,410.2679992,391.6135998,392.5390003,18.65439936,-0.92540042,5.457541837,1.108193137,3.38215916
8/4/2022,414.170013,5.819977,411.8880004,392.9668005,392.8840003,18.92119988,0.08280026,7.219351043,1.081682796,2.776579581
8/5/2022,413.470001,6.519989,412.1840026,394.4156006,393.2756,17.76840204,1.14000058,7.144849412,1.362481453,1.692886555
8/8/2022,412.98999,14.110016,412.6280028,395.6856006,393.5879999,16.94240224,2.09760068,2.680628835,1.553972095,0.847811828
8/9/2022,411.350006,17.509979,413.2860044,396.8612012,393.7088,16.42480324,3.15240112,4.202384153,1.608232749,1.072152695
8/10/2022,419.98999,9.710022,414.394,398.3308008,393.8033996,16.06319924,4.52740112,3.47956124,1.727750198,1.14480699
8/11/2022,419.98999,6.660004,415.5579954,399.5708008,393.9445996,15.98719464,5.62620118,3.894488891,1.80627325,0.736522689
8/12/2022,427.100006,0.790009,418.2839964,401.1080005,394.2947998,17.17599592,6.8132007,6.112251645,1.883579221,0.526867394
8/15/2022,428.859985,-6.71997,421.4579954,402.8931994,394.5241992,18.56479596,8.36900026,8.027720063,2.014537466,1.071313211
8/16/2022,429.700012,-16.350006,425.1279966,404.8480004,394.9073992,20.27999616,9.9406012,5.006631031,2.153019951,1.82036222
8/17/2022,426.649994,-14.299988,426.4599974,406.7608007,395.2045989,19.69919668,11.55620178,4.810772161,2.373251177,1.771448714
8/18/2022,427.890015,-14.220002,428.0400024,408.7600012,395.4475994,19.28000124,13.31240172,6.501114241,2.55993811,1.196041419
8/19/2022,422.140015,-2.630005,427.0480042,410.2404016,395.6659997,16.80760264,14.57440184,9.14850622,2.498100641,1.339265733
8/22/2022,413.350006,-8.040008,423.9460084,411.4964013,395.9041998,12.44960708,15.59220152,10.54466106,2.277070595,3.22151038
8/23/2022,412.350006,-9.720001,420.4760072,412.299602,396.3552002,8.1764052,15.94440184,9.784035769,1.795741919,4.907520488
8/24/2022,413.670013,-15.460022,417.880011,413.055603,397.1286004,4.82440804,15.92700254,7.135751444,1.129877823,5.957128109
8/25/2022,419.51001,-24.330017,416.20401,413.884403,398.0414007,2.319607,15.84300228,5.876535585,0.577424037,5.821604073
8/26/2022,405.309998,-8.889985,412.8380066,414.2932031,398.5636004,-1.45519648,15.72960264,5.670999578,0.147228126,5.34147312
8/29/2022,402.630005,-10.390015,410.6940064,414.575603,399.2832007,-3.8815966,15.29240234,4.85534473,0.268116645,4.815571572
8/30/2022,398.209991,-7.449981,407.8660034,414.868402,399.9302008,-7.00239864,14.93820126,5.144318965,0.418573259,4.729574323
8/31/2022,395.179993,2.600006,404.1679994,414.6340014,400.3324005,-10.466002,14.3016009,8.25638126,0.627680572,4.929601848
9/1/2022,396.420013,3.959992,399.55,414.2480016,400.7730005,-14.69800164,13.47500118,6.823825757,0.882594228,5.255675344
9/2/2022,392.23999,14.360016,396.9359984,413.4580016,401.0566003,-16.52200324,12.40140134,6.442257975,1.166108701,5.242241778
9/6/2022,390.76001,20.209991,394.5619994,412.6576025,401.0702008,-18.09560308,11.58740172,6.864143377,1.364708252,4.555456007
9/7/2022,397.779999,-4.679993,394.476001,412.2464025,401.2540008,-17.77040152,10.9924017,9.637453701,1.35078775,3.119301413
9/8/2022,400.380005,-5.779999,395.5160034,411.6836022,401.648601,-16.16759884,10.0350012,6.774259865,1.316071075,1.360556584
9/9/2022,406.600006,-16.480011,397.552002,411.380802,402.1738012,-13.82879996,9.20700072,9.876853671,1.258412866,1.688452041
9/12/2022,410.970001,-25.410003,401.2980042,411.280802,402.8482013,-9.98279776,8.4326007,10.79037508,1.282436585,3.354933863
9/13/2022,393.100006,-4.550018,401.7660034,410.4852026,403.0854016,-8.7191992,7.39980102,9.915606677,1.39092643,3.888271281
9/14/2022,394.600006,-10.51001,401.1300048,409.8152026,403.3382019,-8.6851978,6.47700072,11.48978891,1.412764888,3.36024349
9/15/2022,390.119995,-12.72998,399.0780028,408.6204028,403.4756018,-9.5424,5.14480102,15.24722835,1.600500659,2.128586727
9/16/2022,385.559998,-11.339997,394.8700012,407.2432031,403.4070019,-12.37320192,3.83620118,17.13488664,1.815549541,1.509446757
9/19/2022,388.549988,-20.599976,390.3859986,405.7012024,403.4046014,-15.3152038,2.29660096,9.297175048,2.038355298,2.87945356
9/20/2022,384.089996,-19.779998,388.5839966,403.9104028,403.4018011,-15.32640624,0.5086017,8.58514369,2.34313206,3.119047505
9/21/2022,377.390015,-14.01001,385.1419984,401.818003,403.3330017,-16.67600456,-1.51499874,7.736492853,2.641692395,2.874421391
9/22/2022,374.220001,-3.690002,381.9619996,399.7208032,403.240802,-17.75880364,-3.51999874,7.655008535,2.933385211,2.020261347
9/23/2022,367.950012,-5.160003,378.4400024,397.3232031,403.0416021,-18.88320072,-5.71839902,5.758380456,3.173483664,1.553236679
9/26/2022,364.309998,-7.130005,373.5920044,395.0100024,402.625202,-21.41799804,-7.61519956,4.819658038,3.234183049,2.314153097
9/27/2022,363.380005,3.22998,369.4500062,393.0112024,402.2538019,-23.5611962,-9.24259946,4.223225634,3.095439596,2.803216048
9/28/2022,370.529999,7.440002,368.078003,391.3384021,401.8190021,-23.26039912,-10.48059994,6.896965838,2.773893971,2.589751037
9/29/2022,362.790009,14.299987,365.7920046,389.303202,401.1794025,-23.51119736,-11.8762005,7.941508299,2.408798425,2.017574781
9/30/2022,357.179993,16.020019,363.6380008,386.8100013,400.3472021,-23.17200048,-13.53720086,6.767504706,2.291797453,0.890953667
10/3/2022,366.609985,-3.819976,364.0979982,385.2620008,399.7776019,-21.16400256,-14.51560116,6.2163478,2.156049836,1.002821411
10/4/2022,377.970001,-17.950012,367.0159974,384.2756006,399.4256018,-17.2596032,-15.1500012,6.148695758,1.920664438,2.640215743
10/5/2022,377.089996,-19.350006,368.3279968,383.4308008,399.1496014,-15.102804,-15.71880062,8.882318797,1.511624283,3.715794401
10/6/2022,373.200012,-16.640014,370.4099974,382.5516016,398.5928015,-12.14160416,-16.04119992,9.333465582,0.9996773,4.46525816
10/7/2022,362.790009,3.179992,371.5320006,381.2064014,397.7272015,-9.6744008,-16.52080012,8.142286162,0.780142464,4.461510027
10/10/2022,360.019989,-2.389984,370.2140014,379.9176014,396.6878015,-9.70359996,-16.77020014,14.16106693,0.644132972,3.353309238
10/11/2022,357.73999,9.080017,366.1679992,378.5968006,395.6272015,-12.42880136,-17.03040096,16.94860295,0.533968872,2.254614125
10/12/2022,356.559998,14.570007,362.0619996,376.9480005,394.5972015,-14.88600092,-17.649201,14.96916512,0.597665719,2.176181698
10/13/2022,365.970001,2.529999,360.6159974,375.5716004,393.6276013,-14.95560296,-18.05600094,10.03026253,0.634267655,2.61662364
10/14/2022,357.630005,7.779999,359.5839966,373.6128003,392.4968011,-14.02880372,-18.88400082,10.29994043,0.842857812,2.204042619
10/17/2022,366.820007,7.470002,360.9440002,371.8468006,391.5638013,-10.90280036,-19.7170007,12.38076181,1.053395097,1.746035846
10/18/2022,371.130005,7.73999,363.6220032,370.9680005,390.7266016,-7.34599732,-19.75860104,11.99247884,0.9544495,3.284281371
10/19/2022,368.5,16.420013,366.0100036,369.9240003,389.8696014,-3.91399668,-19.94560116,6.547529417,0.793369634,4.621262306
10/20/2022,365.410004,16.609985,365.8980042,368.9356006,388.7780017,-3.03759644,-19.84240108,6.48150553,0.425834266,4.647646924
10/21/2022,374.290009,5.690002,369.230005,368.4848011,387.8640021,0.74520392,-19.37920102,4.306177082,0.21398273,4.425075996
10/24/2022,378.869995,10.149994,371.6400026,368.0976014,386.8994019,3.54240124,-18.80180052,4.286058403,0.467543449,4.23007131
10/25/2022,384.920013,1.289978,374.3980042,368.130802,386.0206024,6.26720216,-17.8898004,5.011529483,0.847335797,4.3107856
10/26/2022,382.019989,2.5,377.102002,368.316001,385.067002,8.786001,-16.75100098,4.850189549,1.234105666,4.627191927
10/27/2022,379.980011,-5.110016,380.0160034,368.5464014,384.1336023,11.469602,-15.58720092,5.289237162,1.535624277,4.221109603
10/28/2022,389.019989,-18.009979,382.9619994,369.3892005,383.3562018,13.57279892,-13.96700132,4.99690697,1.903467486,3.998055213
10/31/2022,386.209991,-9.859985,384.4299986,370.2652002,382.6376013,14.1647984,-12.37240112,6.696387358,2.19327189,3.318415861
11/1/2022,384.519989,-4.569977,384.3499938,371.1107996,382.061001,13.23919424,-10.95020142,6.255741767,2.345791223,2.179621714
11/2/2022,374.869995,7.130005,382.919995,371.2843994,381.3114008,11.6355956,-10.02700136,5.640455914,2.246339795,1.20179412
11/3/2022,371.01001,3.119995,381.1259948,371.6131994,380.4582007,9.51279536,-8.84500126,10.54221827,2.000621251,1.878253727
11/4/2022,376.350006,18.339996,378.5919982,372.38,379.5950006,6.21199824,-7.21500066,8.443839636,1.971828418,3.184319269
11/7/2022,379.950012,18.559998,377.3400024,372.913601,379.0878009,4.42640136,-6.17419986,7.568449378,1.963007662,3.669833591
11/8/2022,382,13.119995,376.8360046,373.074801,378.6752008,3.7612036,-5.6003998,9.142454217,1.844997594,3.371831343
11/9/2022,374.130005,24.359985,376.6880066,372.9564014,378.1936011,3.73160524,-5.23719972,10.05678852,1.453870378,2.444819404
11/10/2022,394.690002,0.76001,381.424005,373.816001,378.1838013,7.60800404,-4.3678003,10.89643835,1.062680926,1.705417469
11/11/2022,398.51001,-4.27002,385.8560058,375.244801,378.2256012,10.6112048,-2.9808002,9.995917159,1.244037336,3.01989617
11/14/2022,395.119995,0.910004,388.8900024,376.6488012,378.2832013,12.24120116,-1.63440006,6.838133392,1.647392953,3.882929459
11/15/2022,398.48999,-3.899994,392.1880004,378.2788012,378.4378009,13.90919916,-0.15899966,7.982127643,2.045444723,4.030252232
11/16/2022,395.450012,4.449982,396.4520018,379.8344018,378.3912012,16.6176,1.44320064,8.912719747,2.285165138,3.392967485
11/17/2022,394.23999,8.180023,396.3619994,380.9652014,378.2684009,15.39679804,2.6968005,12.0098693,2.283464127,2.402539902
11/18/2022,396.029999,6.299988,395.8659972,382.5012011,378.0570007,13.36479608,4.4442004,11.63893696,2.375922179,1.720468313
11/21/2022,394.589996,1.320008,395.7599974,383.6120007,377.7294006,12.14799672,5.88260006,11.87920244,2.387158526,1.748704967
11/22/2022,399.899994,-4.669983,396.0419982,384.7628002,377.8654004,11.27919796,6.89739986,3.667784465,2.23605488,2.222279061
11/23/2022,402.420013,5.25998,397.4359984,386.1196008,378.0218005,11.31639764,8.09780024,5.367002844,2.107515396,1.728612859
11/25/2022,402.329987,5.050018,399.0539978,387.5964001,378.2660004,11.45759772,9.33039972,4.786081023,1.897563182,0.884302799
11/28/2022,395.910004,11,399.0299988,388.4611999,378.4730005,10.56879892,9.9881994,4.740590507,1.689960073,0.562297363
11/29/2022,395.230011,4.359985,399.1580018,389.1156005,378.6066009,10.04240128,10.50899958,5.035095209,1.465553945,0.605775944
11/30/2022,407.679993,-13.850006,400.7140016,390.0259997,379.0784009,10.68800188,10.94759884,5.101339337,1.114659707,0.578356086
12/1/2022,407.380005,-14.220001,401.706,391.0404004,379.6782007,10.66559964,11.36219968,4.506814401,0.798032348,0.505896994
12/2/2022,406.910004,-10.670014,402.6220034,392.1176001,380.3320007,10.50440332,11.78559934,5.770804721,0.704046734,0.2630245
12/5/2022,399.589996,-6.309997,403.3580018,392.5404004,380.9648004,10.81760144,11.57559994,5.630015138,0.511130794,0.301475182
12/6/2022,393.829987,5.120025,403.077997,392.8452002,381.5552002,10.2327968,11.29,9.448013489,0.315203755,0.224553416
12/7/2022,393.160004,8.809997,400.1739992,393.1908008,382.1508002,6.9831984,11.04000062,11.70265048,0.283760597,1.612013743
12/8/2022,396.23999,3.160004,397.9459962,394.0456006,382.665,3.9003956,11.3806006,11.60349674,0.28309319,2.993650888
12/9/2022,393.279999,-3.649994,395.2199952,394.9364002,383.2747998,0.28359504,11.66160036,7.674146005,0.245357413,4.421386013
12/12/2022,398.950012,-15.680023,395.0919984,395.8404004,384.1102002,-0.748402,11.73020022,7.98483161,0.281711554,4.583427341
12/13/2022,401.970001,-21.950012,396.7200012,396.7212,384.8174005,-0.00119876,11.90379946,10.0006735,0.338625114,3.275417903
12/14/2022,399.399994,-18.859985,397.9679992,397.4171997,385.2460004,0.55079948,12.17119936,8.177395194,0.293184356,1.801433609
12/15/2022,389.630005,-3.399994,396.6460022,398.0371997,385.4968005,-1.39119752,12.54039918,6.260738114,0.35982319,0.79655596
12/16/2022,383.269989,-2.549988,394.6440002,397.5803992,385.6982001,-2.936399,11.88219912,9.643629944,0.318937957,1.35311689
12/19/2022,380.019989,2.890015,390.8579956,396.8407984,386.0427997,-5.98280276,10.79799868,12.81380826,0.650008116,2.626810913
12/20/2022,380.540009,0.859985,386.5719972,396.2575989,386.4532001,-9.68560172,9.80439884,10.69262545,1.121207483,4.026254053
12/21/2022,386.230011,-9.570007,383.9380006,395.7671998,387.0230005,-11.82919916,8.74419926,8.671520546,1.533544295,4.40238455
12/22/2022,380.720001,2.720001,382.1559998,395.1779993,387.5062006,-13.02199952,7.67179876,8.967675428,1.656317703,4.184640013
12/23/2022,382.910004,-0.480011,382.0840028,394.7247999,387.8450006,-12.64079708,6.87979926,10.94305599,1.578121156,2.902212686
12/27/2022,381.399994,-0.579987,382.3600038,394.1395997,388.3204004,-11.77959588,5.81919928,8.57538266,1.556807951,1.291491878
12/28/2022,376.660004,7.100006,381.5840028,393.4224,388.5172003,-11.8383972,4.90519966,4.770551977,1.508183391,0.572834016
12/29/2022,383.440002,-4.059997,381.026001,392.7640003,388.7634003,-11.73799932,4.00060004,5.200796878,1.474209308,0.589672686
12/30/2022,382.429993,5.649994,381.3679994,391.9643995,389.0420001,-10.59640012,2.92239938,5.141553912,1.539824342,0.729422412
1/3/2023,380.820007,7.039978,380.95,391.1040003,389.3502002,-10.15400032,1.75380012,4.75261127,1.601858073,0.788845659
1/4/2023,383.76001,6.819977,381.4220032,390.6180006,389.5396002,-9.19599736,1.07840034,6.120234896,1.569992177,1.111773289
1/5/2023,379.380005,16.139984,381.9660034,389.9840003,389.5498004,-8.01799692,0.4341999,4.196452049,1.432457412,1.410416023
1/6/2023,388.079987,8.880004,382.8940004,389.2000001,389.6129999,-6.30599968,-0.41299982,4.683468086,1.271446593,1.734512032
1/9/2023,387.859985,10.640015,383.9799988,388.4191993,389.7297998,-4.43920048,-1.31060054,5.069746161,1.208251626,2.286229125
1/10/2023,390.579987,7.190002,385.9319948,387.7659986,389.9417993,-1.8340038,-2.17580074,4.826731513,1.307140454,2.922473806
1/11/2023,395.519989,-4.029999,388.2839906,387.6031983,390.0717993,0.68079228,-2.46860102,7.165780777,1.210668233,3.473283362
1/12/2023,396.959991,-8.319976,391.7999878,387.7283985,390.2867993,4.07158932,-2.55840086,4.206135561,0.911814593,4.111726854
1/13/2023,398.5,-2.619995,393.8839904,387.9419983,390.5663996,5.94199208,-2.62440124,3.814171018,0.540493545,4.228158898
1/17/2023,397.769989,2.860016,395.8659912,388.0031983,391.0243994,7.86279292,-3.02120116,3.786497934,0.305102779,3.924373684
1/18/2023,391.48999,8.710022,396.0479918,387.9315979,391.433999,8.11639388,-3.50240112,7.401045894,0.428719682,3.072140295
1/19/2023,388.640015,11.709991,394.671997,387.519198,391.6797992,7.15279896,-4.16060118,8.485004823,0.66813097,1.659915666
1/20/2023,395.880005,8.869995,394.4559998,387.2755982,391.9983991,7.1804016,-4.72280088,7.993705971,0.847213789,0.844293548
1/23/2023,400.630005,5.049988,394.8820008,387.3247986,392.3709992,7.55720216,-5.04620054,6.069635515,0.837756275,0.421368195
1/24/2023,400.200012,0.389984,395.3680054,387.7475989,392.8923993,7.62040648,-5.1448004,6.596581191,0.684280302,0.392799821
1/25/2023,400.350006,6.130005,397.1400086,388.4307996,393.0055994,8.709209,-4.5747998,8.166991982,0.393826095,0.632250479
1/26/2023,404.75,6.049988,400.3620056,389.42,393.1303992,10.94200556,-3.71039916,5.751189584,0.569009424,1.529941173
1/27/2023,405.679993,11.100006,402.3220032,390.4255994,393.3415992,11.8964038,-2.91599976,3.484934559,0.949576159,1.977040858
1/30/2023,400.589996,11.76001,402.3140014,390.9999988,393.3835993,11.3140026,-2.38360048,4.361345776,1.139062323,1.836604293
1/31/2023,406.480011,3.349976,403.5700012,392.0303992,393.6041993,11.539602,-1.57380006,4.251708597,1.161968299,1.262209144
2/1/2023,410.799988,4.390014,405.6599976,393.1459986,393.9353992,12.51399904,-0.78940066,3.088972222,1.138170858,0.598573367
2/2/2023,416.779999,-6.130005,408.0659974,394.5611988,394.3503992,13.50479864,0.21079954,3.810399217,1.247254715,0.880864962
2/3/2023,412.350006,-5.26001,409.4,395.9887988,394.7055994,13.41120116,1.28319942,4.603870416,1.445375729,1.01976621
2/6/2023,409.829987,-1.789978,411.2479982,397.0443982,394.9041993,14.20359996,2.14019896,3.61079749,1.504028095,1.029019008
2/7/2023,415.190002,-2.360015,412.9899964,398.3547986,395.1595991,14.6351978,3.19519954,3.871707417,1.565856796,0.81326863
2/8/2023,410.649994,1.990021,412.9599976,399.5479981,395.3259992,13.41199952,4.22199888,7.242639402,1.571574944,0.55761474
2/9/2023,407.089996,6.890015,411.021997,400.4811975,395.549599,10.54079948,4.93159848,7.431061372,1.485754165,1.598411503
2/10/2023,408.040009,0.23999,410.1599976,401.6275977,395.805799,8.53239992,5.82179868,4.822461076,1.442511239,2.626632155
2/13/2023,412.829987,-5.569977,410.7599976,402.6175977,395.9087989,8.14239992,6.7087988,4.136003754,1.365623162,2.893284717
2/14/2023,412.640015,-13.550019,410.2500002,403.6087989,396.0139991,6.64120132,7.5947998,3.211623911,1.348734397,2.613827219
2/15/2023,413.980011,-15.440002,410.9160036,404.5447998,396.1553992,6.37120376,8.38940062,4.685555317,1.374111111,1.67692451
2/16/2023,408.279999,-7.619995,411.1540042,405.0552002,396.3291993,6.09880396,8.72600096,3.718989511,1.19708195,1.10295519
2/17/2023,407.26001,-10.880005,410.9980044,405.467201,396.5977997,5.5308034,8.86940126,4.685113763,0.901293716,0.977001281
2/21/2023,399.089996,-1.359985,408.2500062,405.4908008,396.7163996,2.75920536,8.77440126,7.844072032,0.522059965,1.575662968
2/22/2023,398.540009,-2.279999,405.430005,405.5216016,396.7624,-0.09159664,8.75920168,9.355083099,0.183587475,2.764159989
2/23/2023,400.660004,-5.920014,402.7660036,405.8884022,396.9100001,-3.1223986,8.97840214,6.311704784,0.102630708,3.878816315
2/24/2023,396.380005,1.429993,400.3860048,406.1980018,396.8585999,-5.811997,9.33940188,4.073925487,0.237699993,4.517514201
2/27/2023,397.730011,6.459991,398.480005,406.272002,396.7738001,-7.79199704,9.49820192,5.54572924,0.334775524,4.252517581
2/28/2023,396.26001,8.209991,397.9140078,406.0972022,396.7110004,-8.18319444,9.3862018,5.904010913,0.31070054,3.398717542
3/1/2023,394.73999,3.529999,397.154004,405.8788014,396.8132001,-8.72479736,9.06560122,3.907065889,0.221276239,2.295446411
3/2/2023,397.809998,1.110015,396.5840028,405.777201,397.1040003,-9.19319824,8.67320072,4.749679282,0.331032194,1.3034428
3/3/2023,404.190002,-12.630004,398.1460022,405.7548011,397.5874006,-7.60879892,8.16740054,4.618254398,0.546102321,0.657214688
3/6/2023,404.470001,-18.559997,399.4940002,405.7064014,398.0660004,-6.21240124,7.64040102,5.893712692,0.69773304,1.154334918
3/7/2023,398.269989,-12.910004,399.895996,405.6136012,398.3068,-5.71760516,7.30680118,5.50216262,0.721266981,1.517675423
3/8/2023,398.920013,-7.190002,400.7320006,405.3112012,398.6708002,-4.57920064,6.64040102,3.116244271,0.781898225,1.784339252
3/9/2023,391.559998,-2.279999,399.4820006,404.5416016,398.8438001,-5.05960104,5.69780154,8.267723456,0.955391305,1.170560771
3/10/2023,385.910004,10.199981,395.826001,403.3068018,398.9340003,-7.48080084,4.37280154,11.37778952,1.322679799,1.122497733
3/13/2023,385.359985,4.630005,392.0039978,402.227201,399.1079999,-10.2232032,3.11920108,9.655743644,1.696805633,2.298791058
3/14/2023,391.730011,2.009979,390.6960022,401.503202,399.2738001,-10.80719976,2.22940186,7.415872093,1.806630627,2.86163804
3/15/2023,389.279999,9.630005,388.7679994,400.4668018,399.4108002,-11.69880244,1.05600162,6.196856231,1.81070634,2.73248532
3/16/2023,396.109985,-4,389.6779968,399.8852015,399.7165998,-10.20720468,0.1686017,10.9896093,1.658432237,1.576531481
3/17/2023,389.98999,3.180023,390.493994,399.2012012,399.8411994,-8.70720724,-0.63999814,9.187474201,1.517581949,1.091016976
3/20/2023,393.73999,2.01001,392.169995,398.6292005,400.1283991,-6.45920548,-1.4991986,6.6247231,1.451313924,2.054858347
3/21/2023,398.910004,-2.420014,393.6059936,398.0724012,400.3449994,-4.46640756,-2.27259826,5.254070485,1.316607829,2.891356057
3/22/2023,392.109985,3.490021,394.1719908,397.2512,400.4299994,-3.07920916,-3.17879946,5.858192132,1.316994129,2.93338334
3/23/2023,393.170013,8.179993,393.5839964,396.4188,400.4817999,-2.83480364,-4.0629999,4.913907058,1.348460122,2.473615496
3/24/2023,395.75,7.950012,394.7359984,395.9176001,400.4864002,-1.18160168,-4.56880008,4.847881783,1.25864538,1.976804677
3/27/2023,396.48999,12.900025,395.2859984,395.4867993,400.4770001,-0.20080088,-4.99020086,5.353365061,1.09482525,1.675570062
3/28/2023,395.600006,15.350006,394.6239988,395.3471997,400.4190003,-0.72320088,-5.07180058,3.43394251,0.77939083,1.285915514
3/29/2023,401.350006,7.320007,396.472003,395.4595996,400.4906006,1.01240344,-5.03100104,3.788098985,0.431534824,1.408434674
3/30/2023,403.700012,3.899994,398.5780028,395.5811999,400.734801,2.99680292,-5.15360116,4.426817191,0.228540992,1.676348016
3/31/2023,409.390015,-0.200013,401.3060058,396.1016003,401.149801,5.20440552,-5.04820076,5.774077635,0.060718847,2.444966186
4/3/2023,410.950012,-1.340027,404.1980102,396.6304003,401.4512012,7.56760988,-4.82080086,4.637350554,0.123490988,3.290568233
4/4/2023,408.670013,1.049988,406.8120116,397.1268004,401.6120013,9.68521116,-4.4852009,3.576028479,0.265267752,3.466599396
4/5/2023,407.600006,0.449982,408.0620116,397.6412011,401.7600012,10.42081052,-4.11880014,4.590652489,0.42494613,3.095608258
4/6/2023,409.190002,4.279999,409.1600096,398.0964012,401.9368011,11.06360836,-3.8403999,6.372576238,0.494236326,2.39692263
4/10/2023,409.609985,2.850006,409.2040036,398.3132006,402.0340008,10.89080304,-3.72080028,6.725900829,0.456133778,1.422130233
4/11/2023,409.720001,4.220001,408.9580014,398.5232006,402.114801,10.43480084,-3.59160044,3.489421404,0.356342243,0.534971872
4/12/2023,408.049988,6.160003,408.8339964,398.9144005,402.2640008,9.91959588,-3.34960032,1.960279744,0.285976748,0.449229146
4/13/2023,413.470001,0.670014,410.0079954,399.4964,402.4038006,10.51159536,-2.9074006,2.113269269,0.369182359,0.44472015
4/14/2023,412.459991,-0.579986,410.6619932,400.3323998,402.4370007,10.32959344,-2.10460094,2.174447529,0.654068563,0.349572901
4/17/2023,413.940002,-1.73999,411.5279966,401.4535997,402.3802008,10.07439692,-0.92660108,1.769881072,1.081949852,0.24942036
4/18/2023,414.209991,-1.579986,412.4259946,402.6075999,402.4174005,9.81839468,0.19019946,2.114544839,1.452771283,0.287188733
4/19/2023,414.140015,-8.060028,413.644,403.5040001,402.503601,10.13999992,1.00039906,2.03354632,1.602277945,0.262539854
4/20/2023,411.880005,-7.52002,413.3260008,404.4080003,402.4374011,8.91800048,1.97059924,2.700796163,1.59724688,0.555405515
4/21/2023,412.200012,0.209992,413.274005,405.0516014,402.4684014,8.2224036,2.58319996,3.328820604,1.397275401,0.835242879
4/24/2023,412.630005,3.299988,413.0120056,405.957202,402.5792016,7.0548036,3.37800038,3.261051057,1.260993126,1.247122785
4/25/2023,406.079987,9.430023,411.3860048,406.4508019,402.5400012,4.93520292,3.9108007,3.383066775,1.148227324,1.978111796
4/26/2023,404.359985,6.480011,409.4299988,406.6688011,402.3706011,2.76119768,4.29819998,3.587509546,0.952741904,2.523609127
4/27/2023,412.410004,-4.390015,409.5359986,407.4808019,402.3660009,2.05519672,5.11480096,3.782172343,0.952840801,2.659616406
4/28/2023,415.929993,-10.799988,410.2819948,408.3912011,402.4050006,1.89079372,5.98620052,4.941668001,1.027918458,2.215435132
5/1/2023,415.51001,-2.880005,410.8579958,409.1816015,402.5496008,1.67639432,6.6320007,7.41586367,1.134746835,1.333385181
5/2/2023,410.839996,1.899994,411.8099976,409.7556017,402.6212005,2.05439588,7.13440122,6.520709761,1.143124943,0.407341731
5/3/2023,408.019989,2.910004,412.5419984,410.252401,402.7998004,2.28959736,7.45260068,5.383817221,0.935898462,0.227097325
5/4/2023,405.130005,7.720001,411.0859986,410.403601,402.9316003,0.6823976,7.47200072,8.283804366,0.630093077,0.621277756
5/5/2023,412.630005,-0.5,410.426001,410.7608007,403.1710003,-0.33479972,7.58980042,8.279329383,0.387586158,1.088646642
5/8/2023,412.73999,-1.149994,409.871997,410.8947997,403.4982,-1.02280272,7.39659972,6.53887776,0.168906132,1.448678672
5/9/2023,410.929993,2.080017,409.8899964,410.893999,403.7621996,-1.00400256,7.13179932,5.502702262,0.169964642,1.396392206
5/10/2023,412.850006,-2.600006,410.8559998,411.0611987,404.0939996,-0.20519888,6.96719912,7.006179206,0.255582176,0.700680572
5/11/2023,412.130005,3.100006,412.2559998,411.2423986,404.4417999,1.01360116,6.80059878,3.983605988,0.318733985,0.829645037
5/12/2023,411.589996,7.640015,412.047998,411.3383984,404.7173998,0.7095996,6.62099858,3.520443877,0.299069349,0.945435858
5/15/2023,413.01001,5.609985,412.102002,411.4743994,404.8938,0.6276026,6.58059942,3.517834979,0.232474042,0.823753704
5/16/2023,410.25,8.540009,411.9660034,411.4955994,405.0094,0.47040404,6.4861994,4.064998881,0.191917657,0.452628532
5/17/2023,415.230011,-1.140015,412.4420044,411.7828003,405.3486004,0.65920412,6.43419988,2.350321083,0.141685546,0.198734176
5/18/2023,419.230011,-8.140015,413.8620056,412.0132007,405.7548004,1.84880492,6.25840032,3.997991266,0.14244867,0.558215736
5/19/2023,418.619995,-3.970001,415.2680054,412.2596008,406.2960003,3.00840456,5.96360054,3.886528412,0.243087036,1.091808324
5/22/2023,418.790009,1.22998,416.4240052,412.4536011,406.9536004,3.97040408,5.50000072,4.465833707,0.406349156,1.504930509
5/23/2023,414.089996,6.089997,417.1920044,412.4488013,407.5282006,4.74320308,4.9206007,3.900983402,0.612631304,1.632981441
5/24/2023,411.089996,6.76001,416.3640014,412.3268006,407.9154003,4.03720084,4.41140024,7.053954177,0.753502943,1.120401307
5/25/2023,414.649994,7.170013,415.447998,412.4376001,408.4228002,3.01039788,4.0147999,6.847665388,0.789732615,0.744045163
5/26/2023,420.019989,7.900024,415.7279968,412.7503992,408.9010003,2.9775976,3.8493989,6.231830638,0.677450794,0.751848776
5/30/2023,420.179993,6.920013,416.0059936,413.0523987,409.5048004,2.95359488,3.54759836,5.359295488,0.53237103,0.811704288
5/31/2023,417.850006,10.179993,416.7579956,413.5231995,409.9870007,3.23479612,3.5361988,6.433180482,0.363955367,0.458017298
6/1/2023,421.820007,4.729981,418.9039978,414.2216004,410.4452007,4.68239744,3.77639962,4.789284151,0.204476361,0.741171075
6/2/2023,427.920013,1.209992,421.5580016,414.8420007,411.1614013,6.71600088,3.68059942,2.653927996,0.138002704,1.620526754
6/5/2023,427.100006,2.799988,422.974005,415.2888012,411.8400012,7.68520376,3.44880008,0.656873247,0.129681712,2.094324011
6/6/2023,428.029999,5.769989,424.5440062,415.7896008,412.4856011,8.7544054,3.30399966,1.407678311,0.186586345,2.241180803
6/7/2023,426.549988,10.110016,426.2840026,416.4180005,413.0868011,9.86600212,3.33119938,1.961419705,0.211073414,1.984377371
6/8/2023,429.130005,8.049988,427.7460022,417.2624011,413.7574011,10.48360108,3.50500004,3.402545384,0.151290616,1.541899169
6/9/2023,429.899994,12.700012,428.1419984,418.2532007,414.3284008,9.88879772,3.92479984,3.523307827,0.249986518,1.114322161
6/12/2023,433.799988,5.660003,429.4819948,419.1,414.9304004,10.3819948,4.16959964,3.416251863,0.383349174,0.686192865
6/13/2023,436.660004,0.519989,431.2079958,420.0568006,415.4758001,11.15119524,4.58100042,3.389446308,0.504131128,0.526225946
6/14/2023,437.179993,-2.239991,433.3339968,421.1068006,416.0003998,12.22719624,5.1064008,3.656606985,0.614401549,0.903026446
6/15/2023,442.600006,-6.089996,436.027997,422.2968006,416.6789996,13.73119644,5.61780094,3.824031622,0.689551474,1.5388115
6/16/2023,439.459991,-6.25,437.9399964,423.39,417.3161993,14.5499964,6.07380068,2.997686058,0.766645208,1.736083392
6/20/2023,437.179993,-5.739991,438.6159974,424.4135999,417.8759991,14.20239752,6.53760074,4.642699083,0.77209268,1.436105761
6/21/2023,434.940002,1.230011,438.271997,425.2907996,418.3825995,12.98119744,6.90820008,5.947624818,0.716239508,0.939563788
6/22/2023,436.51001,-0.119995,438.1380004,426.3412,418.9183997,11.79680044,7.4228003,7.304816331,0.703348719,1.096355703
6/23/2023,433.209991,4.899994,436.2599974,427.0603992,419.4215997,9.19959824,7.63879944,4.984028247,0.638715864,2.162680966
6/26/2023,431.440002,11.839997,434.6559996,427.5487988,419.7809997,7.1072008,7.76779906,2.999086666,0.518013924,2.880721268
6/27/2023,436.170013,7.619996,434.4540036,428.2507995,420.2552002,6.20320408,7.99559934,3.268912919,0.412889508,2.918459856
6/28/2023,436.390015,6.73999,434.7440062,428.9547998,420.7042004,5.78920644,8.25059932,3.641064085,0.319944522,2.488275512
6/29/2023,438.109985,1.550019,435.0640012,429.9155993,421.1822003,5.14840188,8.733399,4.753820284,0.43452477,1.572979876
6/30/2023,443.279999,-4.730011,437.0780028,431.2031994,421.765,5.87480336,9.43819944,6.506531242,0.664767303,0.715803082
7/3/2023,443.790009,-4.130005,439.5480042,432.3688,422.4032001,7.17920416,9.96559996,4.848786562,0.820039687,0.743227904
7/5/2023,443.130005,-0.670014,440.9400026,433.2932007,423.0217999,7.64680192,10.27140074,4.351718518,0.840082056,1.042943424
7/6/2023,439.660004,6.359985,441.5940004,434.0724011,423.5623999,7.52159928,10.5100012,3.771120044,0.710801637,1.105233473
7/7/2023,438.549988,11.01001,441.682001,434.9004004,424.2117999,6.7816006,10.68860046,6.373164423,0.492957274,0.713494083
7/10/2023,439.660004,9.619995,440.958002,435.6140003,424.9178003,5.34400172,10.69619996,5.817728069,0.310198203,0.929658437
7/11/2023,442.459991,8.380005,440.6919984,436.1955994,425.5188001,4.496399,10.67679934,4.674434666,0.183132586,1.386376744
7/12/2023,446.019989,8.170013,441.2699952,436.9523987,426.1206,4.31759648,10.83179874,4.533374443,0.114331523,1.41193239
7/13/2023,449.559998,5.640014,443.249994,437.8135987,426.8015997,5.43639532,11.01199894,6.878509709,0.143637991,0.977688073
7/14/2023,449.279999,2.899994,445.3959962,438.7227991,427.5703998,6.67319708,11.15239932,6.581051031,0.20544565,0.936255625
7/17/2023,450.839996,1.339997,447.6319946,439.5911988,428.4267999,8.04079584,11.16439882,4.58447651,0.210866524,1.566244678
7/18/2023,454.190002,0.01001,449.9779968,440.5627991,429.4079999,9.41519772,11.1547992,1.735019459,0.143836845,2.025705316
7/19/2023,455.200012,0.23999,451.8140014,441.4188,430.2594,10.39520136,11.15940002,1.989777902,0.06534296,2.004595087
7/20/2023,452.179993,3.330017,452.3380004,442.0395996,431.0482001,10.2984008,10.99139952,2.682373556,0.074535355,1.591589189
7/21/2023,452.179993,0.309997,452.9179992,442.6395996,431.8732001,10.2783996,10.76639952,3.133675484,0.173107313,1.001120422
7/24/2023,454.200012,2.720001,453.5900024,443.1035998,432.7002002,10.48640256,10.40339964,3.298924273,0.318160662,0.432631062
7/25/2023,455.440002,2.350007,453.8400024,443.7428003,433.5664001,10.09720212,10.17640014,2.321077886,0.406969821,0.145590962
7/26/2023,455.51001,0.970001,453.902002,444.476001,434.4448004,9.42600104,10.03120054,1.510112641,0.400880563,0.410269867
7/27/2023,452.48999,-2.359985,453.9640014,445.1780005,435.2344,8.78600092,9.94360046,1.375481344,0.330288709,0.699163379
7/28/2023,456.920013,-8.080017,454.9120054,445.9944006,436.1678003,8.9176048,9.82660032,1.573431961,0.223051146,0.737394613
7/31/2023,457.790009,-10.980011,455.6300048,446.9776013,437.0190002,8.65240348,9.95860108,1.426806043,0.128689339,0.59248089
8/1/2023,456.480011,-5.77002,455.8380066,447.9792017,437.7640002,7.85880492,10.21520144,1.255625599,0.143286768,0.567391912
8/2/2023,450.130005,-1.380005,454.7620056,448.5376014,438.3942004,6.22440424,10.14340092,2.021349432,0.158358621,1.120214278
8/3/2023,448.839996,-3.089996,454.0320068,449.0356006,438.9952002,4.9964062,10.04040042,4.495721759,0.152891106,1.67458029
8/4/2023,446.809998,-0.899994,452.0100038,449.3836011,439.6496002,2.62640268,9.7340009,5.752352652,0.186613761,2.392876063
8/7/2023,450.709991,-5.059997,450.5940002,449.6808008,440.4420001,0.9131994,9.23880068,4.694487794,0.399925509,2.778228864
8/8/2023,448.75,-0.640015,449.047998,449.8792004,441.1240002,-0.83120244,8.7552002,3.980106023,0.580902153,2.886413261
8/9/2023,445.75,-2.859985,448.171997,449.9840002,441.6386005,-1.81200324,8.34539978,3.837133106,0.692555691,2.726042362
8/10/2023,445.910004,-6.269989,447.5859986,450.2340002,442.1532007,-2.64800164,8.08079956,4.130893989,0.668218859,2.127467151
8/11/2023,445.649994,-9.359985,447.3539978,450.5180005,442.7092004,-3.16400268,7.80880004,2.160503469,0.564281188,1.616680801
8/14/2023,448.109985,-11.609985,446.8339966,450.8559997,443.235,-4.02200312,7.62099972,1.855172238,0.447672492,1.228557949
8/15/2023,442.890015,-3.550019,445.6619996,450.8732007,443.5344,-5.21120108,7.33880064,1.806262217,0.391645029,1.304433739
8/16/2023,439.640015,-1.490021,444.4400026,450.6180017,443.7852002,-6.17799912,6.8328015,2.491435336,0.477447935,1.452473413
8/17/2023,436.290009,6.73999,442.5160036,450.0872022,443.9504004,-7.57119856,6.13680174,3.31978331,0.674288826,1.739817895
8/18/2023,436.5,0.390015,440.6860048,449.5760022,444.1494007,-8.8899974,5.42660154,4.508712413,0.89561878,1.916111502
8/21/2023,439.339996,0.630005,438.932007,449.1160022,444.3536005,-10.1839952,4.76240172,3.742725614,1.038702644,2.004380468
8/22/2023,438.149994,4.610016,437.9840028,448.4744019,444.5186005,-10.49039908,3.9558014,4.127255848,1.127622268,1.807733455
8/23/2023,443.029999,6.130005,438.6619996,447.9876014,444.7032007,-9.32560176,3.28440066,7.217766265,1.135024744,1.157120161
8/24/2023,436.890015,14.119995,438.7820008,447.3760022,444.7078009,-8.59400144,2.66820132,6.653344458,1.107054016,0.817318764
8/25/2023,439.970001,10.380005,439.476001,446.8876026,444.7636011,-7.41160156,2.12400148,3.850962001,1.040876735,1.246469926
8/28/2023,442.76001,8.429992,440.1600038,446.4300025,444.7668012,-6.26999868,1.66320132,3.382823951,0.910857547,1.641363944
8/29/2023,449.160004,0.079986,442.3620058,446.1788026,444.9608014,-3.81679676,1.21800114,3.014774561,0.814406465,2.16503002
8/30/2023,451.01001,-4.790009,443.958008,445.9988026,445.2374018,-2.04079456,0.7614008,5.585634094,0.746824361,2.671097721
8/31/2023,450.350006,-5.5,446.6500062,445.9132032,445.5456018,0.736803,0.36760136,5.220467524,0.698267989,3.271636312
9/1/2023,451.190002,-5.670013,448.8940064,445.6840028,445.8392017,3.21000364,-0.15519892,3.728227778,0.710017651,3.72517188
9/5/2023,449.23999,-0.789978,450.1900024,445.342002,446.1598017,4.8480004,-0.81779966,5.229226351,0.792731655,3.58320536
9/6/2023,446.220001,-0.230011,449.6020018,444.9316016,446.4554016,4.6704002,-1.52380004,7.775936947,0.91590639,2.925070484
9/7/2023,444.850006,1.660004,448.370001,444.7204016,446.6290015,3.64959936,-1.90859986,7.369157726,0.939677155,1.650681862
9/8/2023,445.519989,4.839996,447.4039976,444.5876014,446.811601,2.81639624,-2.22399962,6.027307969,0.838748093,0.892543486
9/11/2023,448.450012,-5.080017,446.8559996,444.6532019,447.0184015,2.20279768,-2.3651996,2.756620362,0.621865253,1.147270952
9/12/2023,445.98999,-2.359985,446.2059996,444.4644019,447.0726013,1.74159772,-2.60819946,2.662519917,0.421083216,1.168731031
9/13/2023,446.51001,-3.800019,446.2640014,444.3748023,447.1270014,1.88919912,-2.75219908,3.303613908,0.330541572,0.782661069
9/14/2023,450.359985,-11.71997,447.3659972,444.5592017,447.271601,2.80679552,-2.71239928,3.840571967,0.228868796,0.503277272
9/15/2023,443.369995,-11.97998,446.9359984,444.4576013,447.3458008,2.47839708,-2.88819946,3.627420521,0.195431999,0.432903374
9/18/2023,443.630005,-13.209992,445.971997,444.3768018,447.4474011,1.59519524,-3.07059936,3.786039998,0.178570539,0.517309455
9/19/2023,442.709991,-10.47998,445.3159972,444.160802,447.5084009,1.1551952,-3.34759886,4.108036668,0.260739096,0.664922949
9/20/2023,438.640015,-12.76001,443.7419982,443.990802,447.4320013,-0.2488038,-3.44119934,5.935753125,0.305516084,1.207765926
9/21/2023,431.390015,-5.340027,439.9480042,443.660802,447.1394019,-3.7127978,-3.47859986,4.542398849,0.255593194,2.426272588
9/22/2023,430.420013,-1.900024,437.3580078,443.4260022,446.7566022,-6.06799436,-3.3306,5.108501007,0.159669041,3.314705251
9/25/2023,432.230011,-4.75,435.078009,443.2552026,446.4156024,-8.1771936,-3.1603998,3.727251653,0.123664364,3.896053242
9/26/2023,425.880005,1.429993,431.7120118,442.716803,445.9164026,-11.00479116,-3.19959962,1.051959876,0.141335067,4.122376754
9/27/2023,426.049988,-4.459992,429.1940064,442.2328027,445.3536023,-13.03879632,-3.12079958,3.199421447,0.146368898,3.733668613
9/28/2023,428.519989,-3.859985,428.6200012,441.6524023,444.8200018,-13.03240112,-3.16759952,4.937456519,0.08040364,3.077073891
9/29/2023,427.480011,-2.980011,428.0320008,441.2760022,444.3260022,-13.24400136,-3.05000004,4.447054019,0.05744157,2.170546429
10/2/2023,427.309998,2.230011,427.0479982,440.769602,443.8286023,-13.72160384,-3.05900026,5.262748817,0.065615575,1.046416932
10/3/2023,421.589996,10.700013,426.1899964,439.9228015,443.176402,-13.73280508,-3.2536005,2.806443825,0.08398841,0.351249463
10/4/2023,424.660004,9.880005,425.9119996,438.9428015,442.560802,-13.03080188,-3.61800054,2.566228784,0.232720579,0.353056075
10/5/2023,424.5,11.820007,425.1080018,437.8824011,441.9406018,-12.77439928,-4.05820074,2.526361396,0.430309464,0.423357715
10/6/2023,429.540009,4.119995,425.5200014,437.0500012,441.4816022,-11.5299998,-4.431601,3.123116886,0.565499282,0.902996071
10/9/2023,432.290009,-0.790009,426.5160036,436.2940015,440.9890021,-9.77799788,-4.69500064,6.375799993,0.586321621,1.55562763
10/10/2023,434.540009,1.5,429.1060062,435.7060022,440.5240021,-6.59999604,-4.81799988,6.88929033,0.490494568,2.649325358
10/11/2023,436.320007,-0.300018,431.4380068,435.3100025,440.120802,-3.87199568,-4.81079956,6.42895677,0.322467568,3.649280855
10/12/2023,433.660004,-3.450013,433.2700076,434.8624024,439.791402,-1.5923948,-4.92899962,4.285197482,0.189673162,4.089466712
10/13/2023,431.5,-5.070007,433.6620058,434.3016028,439.4446021,-0.63959704,-5.14299926,5.340624455,0.169132731,3.742273657
10/16/2023,436.040009,-14.850007,434.4120058,433.8052027,439.2292023,0.60680308,-5.4239996,5.394612556,0.260322612,2.854687317
10/17/2023,436.019989,-15.559998,434.7080018,433.4064027,438.9354023,1.30159912,-5.5289996,5.152346863,0.308703477,2.02971298
10/18/2023,430.209991,-6.579986,433.4859986,432.7544019,438.5646021,0.73159668,-5.81020018,2.811041309,0.342030657,1.173575261
10/19/2023,426.429993,-8.880005,432.0399964,431.7972022,438.178202,0.24279416,-6.38099972,2.618067667,0.46971134,0.717504646
10/20/2023,421.190002,-8.640014,429.9779968,430.9100025,437.6838019,-0.93200572,-6.7737994,6.367261977,0.577109881,0.831275132
10/23/2023,420.459991,-9.779998,426.8619932,429.983202,437.1800019,-3.12120876,-7.1967999,6.937841206,0.682341837,1.751229308
10/24/2023,423.630005,-8.040009,424.3839964,429.2200025,436.6904023,-4.83600612,-7.47039974,5.68567942,0.658745368,2.348553313
10/25/2023,417.549988,0.650024,421.8519958,428.3764014,436.1836017,-6.52440564,-7.80720028,4.783177293,0.562745098,2.765570589
10/26/2023,412.549988,10.110016,419.0759948,427.6228004,435.6418012,-8.54680556,-8.01900082,4.036352131,0.493221171,2.94927236
10/27/2023,410.679993,20.080017,416.973993,426.8331996,435.1296009,-9.85920656,-8.2964013,3.380077859,0.435338233,2.721641573
10/30/2023,415.589996,19.100006,415.999994,426.167599,434.7114008,-10.16760496,-8.54380182,1.186715095,0.417684176,2.271647099
10/31/2023,418.200012,17.48999,414.9139954,425.8603992,434.2886011,-10.94640384,-8.42820186,4.28770684,0.302006313,1.732470233
11/1/2023,422.660004,14.269989,415.9359986,425.7247999,433.9788013,-9.78880128,-8.25400142,8.489361306,0.197877166,0.866664305
11/2/2023,430.76001,6.48999,419.578003,425.8144007,433.7334015,-6.23639772,-7.9190008,12.57207026,0.235837673,1.826950888
11/3/2023,434.690002,-0.850006,424.3800048,426.1028004,433.6894013,-1.72279556,-7.5866009,12.08481595,0.391792023,3.835172688
11/6/2023,435.690002,4.919983,428.400006,426.4380005,433.6038013,1.96200548,-7.16580076,8.172967749,0.509327131,5.441285874
11/7/2023,436.929993,3.260009,432.1460022,427.0516004,433.4872009,5.0944018,-6.43560054,4.060202832,0.705753306,6.012938114
11/8/2023,437.25,11.480011,435.0640014,427.5552002,433.2490009,7.50880116,-5.69380062,5.490648554,0.899016228,5.461622558
11/9/2023,433.839996,15.839997,435.6799986,427.9288001,432.9056006,7.75119852,-4.9768005,8.347690496,1.062538902,4.012923716
11/10/2023,440.609985,9.620026,436.8639952,428.3715991,432.7108002,8.49239608,-4.33920104,7.388935706,1.124948503,2.671604892
11/13/2023,440.190002,10.600007,437.7639952,428.6875988,432.4908002,9.07639636,-3.80320132,5.556521644,1.048745439,1.52349415
11/14/2023,448.730011,5.529999,440.1239988,429.2551989,432.4806006,10.86879988,-3.22540166,4.512459305,0.967712549,1.341625593
11/15/2023,449.679993,3.589996,442.6099974,429.7895984,432.5498004,12.82039904,-2.76020206,6.673232768,0.878173324,2.04304579
11/16/2023,450.230011,4.789978,445.8880004,430.4523986,432.6574005,15.43560176,-2.20500188,5.072267735,0.840169732,2.846941603
11/17/2023,450.790009,4.509979,447.9240052,431.223999,432.7628009,16.7000062,-1.53880192,4.530448345,0.878907816,3.145996886
11/20/2023,454.26001,0.220001,450.7380068,431.952799,432.8790009,18.78520776,-0.92620184,3.70460072,0.922133884,3.130280531
11/21/2023,453.269989,1.660004,451.6460024,432.642799,433.0246009,19.00320336,-0.38180182,4.770549812,0.954827731,2.558742994
11/22/2023,455.019989,-0.410004,452.7140016,433.635199,433.1948004,19.07880264,0.44039852,3.096224967,1.021579597,1.647272947
11/24/2023,455.299988,1.100006,453.727997,434.7899988,433.2936005,18.93799824,1.49639826,2.769535357,1.187336224,1.012593733
11/27/2023,454.480011,4.619995,454.4659974,436.1215991,433.5158008,18.34439828,2.6057983,2.08036,1.42604782,0.292139146
11/28/2023,454.929993,1.760009,454.599994,437.5003992,433.7418006,17.0995948,3.75859862,1.958670018,1.654752705,0.831437905
11/29/2023,454.609985,1.990021,454.8679932,438.7395984,433.9798005,16.1283948,4.75979794,2.40091221,1.723962215,1.269069382
11/30/2023,456.399994,-1.639984,455.1439942,440.2935986,434.335,14.85039556,5.9585986,1.903733203,1.752124199,1.652847938
12/1/2023,459.100006,-0.869995,455.9039978,442.1555994,434.8891999,13.74839844,7.2663995,1.94854165,1.823577816,1.810195884
12/4/2023,456.690002,3.51001,456.345996,443.9959997,435.4145996,12.34999628,8.58140008,1.825725905,1.924187563,1.881318856
12/5/2023,456.600006,5.389984,456.6799986,445.6364001,435.9019995,11.04359848,9.73440058,1.827803852,1.988306643,2.00456178
12/6/2023,454.76001,9.339996,456.7100036,447.0988,436.4795996,9.61120356,10.6192004,2.238291903,1.86940848,2.086318527
12/7/2023,458.230011,12.269989,457.076007,448.5216003,437.1232001,8.55440668,11.39840022,2.499028814,1.638770998,2.077789873
12/8/2023,460.200012,11.809998,457.2960082,449.6992004,437.7568006,7.5968078,11.94239984,2.139614941,1.337812028,1.902981404
12/11/2023,461.98999,7.339997,458.3560058,450.7911999,438.4470001,7.56480588,12.34419978,2.946766001,1.046986764,1.474616524
12/12/2023,464.100006,7.869995,459.8560058,451.9276001,439.1828003,7.92840572,12.74479978,4.543330623,0.831289302,0.858065576
12/13/2023,470.5,4.339996,463.0040038,453.2704004,440.1610004,9.73360344,13.10939998,5.104199596,0.669959235,0.906923122
12/14/2023,472.01001,-3.75,465.7600036,454.6608008,441.1080005,11.09920284,13.55280026,3.887165264,0.630463972,1.572403453
12/15/2023,469.329987,3.370025,467.5859986,456.0804004,442.0046002,11.5055982,14.07580016,2.925228886,0.677000325,1.790763486
12/18/2023,471.970001,1.679993,469.5820008,457.334801,442.8532001,12.24719976,14.48160096,2.241745506,0.703142269,1.704655417
12/19/2023,474.839996,0.809998,471.7299988,458.7208008,443.7041998,13.009198,15.01660098,3.315180299,0.750526548,1.236427829
12/20/2023,468.26001,8.25,471.2820008,459.5020008,444.3785998,11.78000004,15.12340092,5.825037123,0.655838581,0.734525241
12/21/2023,472.700012,3.98999,471.4200012,460.4228015,445.1061999,10.99719968,15.31660158,4.652140135,0.510926967,0.764127248
12/22/2023,473.649994,1.660004,472.2840026,461.3596008,445.9059997,10.92440176,15.4536011,4.257647911,0.374008404,0.876549378
12/26/2023,475.649994,-3,473.0200012,462.3540002,446.7889996,10.66600096,15.56500062,3.13899172,0.226645937,0.95298464
12/27/2023,476.51001,-7.720001,473.354004,463.2440002,447.5983996,10.11000376,15.6456006,4.344380147,0.207188655,0.604812493
12/28/2023,476.690002,-9.410003,475.0400024,464.1808008,448.4117999,10.85920164,15.76900086,2.885135114,0.173992408,0.35799268
12/29/2023,475.309998,-7.389985,475.5619996,464.9924011,449.3138,10.56959848,15.67860108,3.02035946,0.11934864,0.321892768
1/2/2024,472.649994,1.950012,475.3619996,465.6864014,450.2382001,9.67559824,15.4482013,4.152392314,0.121266499,0.478639046
1/3/2024,468.790009,5.089996,473.9900026,466.2588013,451.1902002,7.73120132,15.06860108,6.191003106,0.279207477,1.235425458
1/4/2024,467.279999,9.279999,472.1440004,466.7528015,452.1266004,5.39119888,14.62620116,5.785500572,0.472009713,2.285302531
1/5/2024,467.920013,8.429993,470.3900026,467.2852026,453.0124005,3.10479996,14.27280212,4.493503606,0.577245559,3.072570117
1/8/2024,474.600006,2.079987,470.2480042,468.0132031,454.1534009,2.23480108,13.85980224,4.604244027,0.628386456,3.112190478
1/9/2024,473.880005,1.049988,470.4940064,468.6044031,455.3800012,1.88960332,13.22440186,6.545210255,0.708591003,2.459860613
1/10/2024,476.559998,-4.269989,472.0480042,469.3992029,456.6976013,2.64880128,12.7016016,8.045852129,0.779045842,1.383489394
1/11/2024,476.350006,0.139984,473.8620056,470.1892029,457.9128015,3.67280268,12.2764014,6.73111476,0.816368167,0.704532804
1/12/2024,476.679993,5.75,475.6140016,471.0660022,459.0824011,4.54799936,11.9836011,3.436949044,0.750536966,1.094395838
1/16/2024,474.929993,8.520019,475.679999,471.7340015,460.1278009,3.94599748,11.6062006,3.675848446,0.6286391,1.06285627
1/17/2024,472.290009,12.569976,475.3619998,472.2176014,460.9584009,3.1443984,11.2592005,5.610970416,0.562758361,0.730710114
1/18/2024,476.48999,8.900025,475.3479982,472.7976014,461.7944007,2.5503968,11.00320074,4.574525501,0.518100605,0.76307368
1/19/2024,482.429993,5.600006,476.5639956,473.5308009,462.7292005,3.03319472,10.8016004,3.613560547,0.47288866,0.794962899
1/22/2024,483.450012,3.959992,477.9179994,474.0488014,463.6596009,3.86919804,10.3892005,4.999121703,0.460001903,0.591233463
1/23/2024,484.859985,6.410004,479.9039978,474.5628004,464.6118006,5.34119744,9.9509998,6.685080269,0.517378175,1.087886111
1/24/2024,485.390015,5.5,482.523999,475.2052015,465.6428009,7.31879752,9.56240054,4.620947509,0.593991153,1.934788548
1/25/2024,488.029999,-5.149994,484.8320008,475.8476014,466.5912012,8.9843994,9.25640018,2.847300593,0.62059745,2.449478134
1/26/2024,487.410004,1.790008,485.828003,476.3504017,467.5356013,9.47760128,8.81480046,3.316861637,0.608669428,2.383878787
1/29/2024,491.269989,3.080017,487.3919984,477.2708009,468.3864008,10.12119752,8.88440006,3.353868357,0.475001433,1.928470162
1/30/2024,490.890015,1.659973,488.5980044,477.998401,469.2106013,10.5996034,8.78779974,1.811249025,0.337647648,1.266850728
1/31/2024,482.880005,11.100006,488.0960024,478.3676014,469.8636011,9.72840096,8.5040003,4.786273631,0.269799366,0.615473018
2/1/2024,489.200012,8.899994,488.330005,478.9096022,470.6318012,9.42040284,8.27780096,4.621855275,0.255376529,0.492844906
2/2/2024,494.350006,3.970001,489.7180054,479.623202,471.4336011,10.0948034,8.18960088,4.568907966,0.305042547,0.445153432
2/5/2024,492.549988,8.650024,489.9740052,480.2576014,472.2192011,9.71640376,8.03840034,3.960798244,0.292816682,0.452727775
2/6/2024,493.980011,7,490.5920044,481.004402,472.9984015,9.58760244,8.00600042,5.788535765,0.201418504,0.248646234
2/7/2024,498.100006,-4.020019,493.6360046,482.0224024,473.8544019,11.61360216,8.16800054,4.390273663,0.112283322,0.889053621
2/8/2024,498.320007,0.25,495.4600036,483.2036024,474.7312018,12.25640124,8.47240054,4.048772431,0.184343099,1.205976478
2/9/2024,501.200012,0.809998,496.8300048,484.5604029,475.6566022,12.26960192,8.90380068,3.896655852,0.375839433,1.338849194
2/12/2024,500.980011,-1.470001,498.5160094,485.8828028,476.5840027,12.6332066,9.29880008,2.648328404,0.531929741,1.221750225
2/13/2024,494.079987,2.680023,498.5360046,486.662002,477.3376026,11.87400256,9.32439946,5.359670445,0.508849432,0.393980406
2/14/2024,498.570007,-1.360016,498.6300048,487.6496021,478.1270026,10.98040268,9.52259952,5.137176702,0.418552684,0.63142584
2/15/2024,502.01001,5.48999,499.3680054,488.6676026,479.0334028,10.7004028,9.63419984,5.208042566,0.279309102,0.827987529
2/16/2024,499.51001,8.339996,499.030005,489.5940028,479.8916028,9.43600224,9.70239992,4.084087875,0.180790666,1.213424533
2/20/2024,496.76001,10.079986,498.1860048,490.3972034,480.7316028,7.78880136,9.6656006,2.530319962,0.152772,1.585053085
2/21/2024,497.209991,,498.8120056,491.2884034,481.5112024,7.52360224,9.77720092,1.713625181,0.093686866,1.600131706
2/22/2024,507.5,,500.5980042,492.696803,482.4572022,7.9012012,10.2396008,2.933627084,0.249386804,1.359327538
2/23/2024,507.850006,,501.7660034,493.9512036,483.3744025,7.81479976,10.57680112,4.285445047,0.399950438,0.763967886
2/26/2024,506.839996,,503.2320006,494.9276038,484.2292023,8.30439684,10.69840144,4.555859962,0.462583402,0.282509586
